Empirical Data_1,,,,,,,,,,,,,,,,,,,,,,,,,,,,,,,,,,,,,
Base year prices for selected items,,,,,,,,,,,,,,,,,,,Current year prices for same items,,,,,,,,,,,,,,,,,,
B1,B2,B3,B4,B5,B6,B7,B8,B9,B10,B11,B12,B13,B14,B15,B16,B17,B18,B19,C1,C2,C3,C4,C5,C6,C7,C8,C9,C10,C11,C12,C13,C14,C15,C16,C17,C18,C19
1.65,2,7.5,1.7,7.67,1.44,0.5,0.4,0.5,1.03,0.5,1.5,266.5,1.21,1.03,0.85,1.18,4.4,2,14.83,3.01,302.64,1.32,30.27,8.8,1.72,1.78,1.1,2.91,2.36,4.07,676.79,2.49,3.61,3.15,3.54,23.14,1.37
2,2,7.5,1.7,7.93,1.44,0.5,0.4,0.5,1.03,0.5,1.5,266.5,1.21,1.03,0.85,1.18,4.47,2,14.87,3.01,302.64,1.32,30.27,9.14,1.72,1.78,1.14,2.96,2.36,4.08,695.18,2.5,3.61,3.17,3.54,23.33,1.37
2,2,7.5,1.7,7.93,1.44,0.5,0.4,0.5,1.03,0.5,1.5,266.5,1.21,1.03,0.85,1.18,4.47,2,14.97,3.01,302.64,1.32,33.09,9.22,1.72,1.82,1.14,2.96,2.38,4.08,695.18,2.56,3.61,3.27,3.54,23.53,1.37
2,2,7.5,1.7,7.93,1.44,0.5,0.4,0.5,1.03,0.5,1.5,266.5,1.21,1.03,0.85,1.18,4.47,2,14.93,3.01,302.64,1.32,33.09,9.22,1.72,1.82,1.12,2.96,2.38,4.08,695.18,2.57,3.61,3.34,3.54,22.82,1.37
2,2,7.5,1.7,8.15,1.5,0.5,0.4,0.5,1.03,0.5,1.5,266.5,1.21,1.03,0.85,1.18,4.72,2,14.95,3.01,302.64,1.32,33.09,9.62,1.72,1.82,1.12,2.96,2.38,4.08,695.18,2.74,3.61,3.34,3.54,22.82,1.37
2,2,7.5,1.7,8.15,1.5,0.5,0.4,0.5,1.03,0.5,1.5,266.5,1.21,1.03,0.85,1.18,4.72,2,14.95,3.01,302.64,1.34,33.09,9.52,1.72,1.85,1.12,2.96,2.38,4.07,695.18,2.72,3.57,3.34,3.54,22.82,1.37
2.24,2,10.4,1.7,8.07,1.5,0.5,0.4,0.5,1.03,0.5,1.5,266.5,1.41,1.03,0.85,1.18,4.72,2,14.95,3.01,302.64,1.34,34.56,9.52,1.72,1.85,1.12,2.95,2.38,4.07,702,2.71,3.57,3.34,3.54,23.48,1.37
2.24,2,10.4,1.7,8.23,1.5,0.5,0.4,0.5,1.03,0.5,1.54,266.5,1.51,1.3,0.97,1.3,4.72,2,14.95,3.03,302.64,1.34,34.06,9.51,1.72,1.89,1.12,2.95,2.41,4.07,702,2.71,3.57,3.41,3.54,23.48,1.37
2.24,2,10.4,1.7,8.23,1.5,0.5,0.4,0.7,1.03,0.5,1.5,266.5,1.51,1.3,0.97,1.3,4.72,2,14.95,3.08,305.8,1.34,34.07,9.51,1.73,1.92,1.14,2.95,2.5,4.07,702.06,2.71,3.57,3.42,3.54,24.66,1.37
2.24,2,10.4,1.7,8.23,1.5,0.5,0.4,0.7,1.03,0.5,1.54,266.5,1.51,1.3,0.97,1.3,4.72,2,14.96,3.08,305.8,1.34,34.07,9.51,1.73,1.92,1.14,2.95,2.5,4.07,702.06,2.71,3.59,3.42,3.54,24.66,1.37
2.44,2,10.4,1.7,8.23,1.5,0.5,0.4,0.7,1.03,0.5,1.54,266.5,1.51,1.3,0.97,1.3,4.72,2,14.96,3.08,305.8,1.34,34.07,9.51,1.73,1.92,1.14,2.95,2.5,4.07,702.06,2.71,3.59,3.42,3.54,24.66,1.37
2.44,2,10.4,1.7,8.23,1.5,0.5,0.4,0.7,1.03,0.5,1.5,266.5,1.51,1.3,0.97,1.3,4.72,2,14.96,3.08,305.8,1.34,34.07,9.51,1.73,1.92,1.14,2.95,2.5,4.07,702.06,2.71,3.59,3.42,3.54,24.66,1.37
1.7,2,8.46,1.7,6.66,1.44,0.5,0.47,0.7,1.03,0.5,1.5,298.33,1.21,1.13,2.5,1.28,4.34,2,12.31,2.88,305.8,1.36,27.01,11.43,1.55,1.86,0.88,1.47,0.72,4.28,893.03,2.62,12,3.69,2.7,23.69,2.3
1.7,2,8.46,1.7,6.66,1.44,0.5,0.47,0.7,1.03,0.5,1.5,298.33,1.21,1.13,2.5,1.28,4.34,2,12.31,2.58,302.64,1.36,27.01,11.43,1.55,1.86,0.88,1.47,0.72,4.28,893.03,2.62,8.1,3.69,2.7,23.69,2.3
1.7,2,8.46,1.7,6.66,1.64,0.5,0.47,0.7,1.03,0.5,1.5,298.33,1.21,1.13,2.5,1.28,4.34,2,12.31,2.58,302.64,1.36,27.01,11.43,1.55,1.86,0.88,1.47,0.72,4.28,893.03,2.62,8.1,3.69,2.7,23.69,2.3
1.7,2,8.46,1.7,6.66,1.64,0.5,0.47,0.7,1.03,0.5,1.5,298.33,1.51,1.3,2.5,1.28,4.34,2,12.31,2.58,302.64,1.39,27.01,11.43,1.55,1.86,0.88,1.49,0.72,4.28,893.03,2.65,8.13,3.69,2.7,23.69,2.3
2.03,1.52,9.36,1.7,6.66,1.64,0.5,0.47,0.7,1.03,0.31,1.5,298.33,1.51,1.3,2.5,1.28,4.34,2,12.31,2.58,302.64,1.39,27.01,11.43,1.55,1.86,0.88,1.49,0.72,4.28,893.03,2.72,8.1,3.69,2.7,13.69,2.3
2.03,1.52,9.36,1.7,7.42,1.64,0.5,0.47,0.7,1.03,0.31,1.5,298.33,1.51,1.3,2.5,1.28,4.34,2,12.31,2.58,302.64,1.39,27.01,9.51,1.55,1.86,0.88,1.49,0.72,4.28,893.03,2.72,8.13,3.69,2.7,13.69,2.65
2.03,1.52,9.36,1.7,7.42,1.64,0.5,0.47,0.7,1.03,0.31,1.5,298.33,1.51,1.3,2.5,1.28,4.34,2,12.41,2.58,302.64,1.42,27.01,9.14,1.55,1.86,0.88,1.49,0.72,4.28,893.03,2.72,8.1,3.69,2.7,13.69,2.65
2.25,1.52,9.36,1.7,7.42,1.64,0.5,0.47,0.7,1.03,0.31,1.5,298.33,1.51,1.3,2.5,1.28,4.64,2,12.41,2.79,302.64,1.39,27.01,9.52,1.55,1.9,0.9,1.49,0.82,4.28,893.03,2.72,8.1,3.69,2.7,13.69,2.78
2.25,1.52,9.36,1.7,7.42,1.64,0.5,0.47,0.7,1.03,0.31,1.5,298.33,1.51,1.3,2.5,1.28,4.64,2,13.37,3.18,302.64,1.48,27.35,10.4,1.55,1.92,0.88,1.51,0.82,4.31,893.03,2.62,12,3.69,2.7,27.3,2.78
2.25,1.52,9.36,1.7,7.42,1.64,0.5,0.47,0.7,1.03,0.31,1.5,298.33,1.68,1.3,2.5,1.38,4.64,2,13.37,3,302.64,1.46,27.35,9.88,1.55,1.92,0.9,1.51,0.82,4.31,893.07,2.73,12,3.69,2.7,27.3,2.78
2.25,1.52,9.36,1.7,7.42,1.64,0.5,0.47,0.7,1.03,0.31,1.5,298.33,1.68,1.3,2.5,1.38,4.64,2,13.37,3.18,302.64,1.48,27.35,10.4,1.55,1.92,0.98,1.52,0.82,4.31,893.07,2.72,11.9,3.69,2.7,27.3,2.78
2.25,1.52,9.36,1.7,7.42,1.64,0.5,0.47,0.7,1.03,0.31,1.5,298.33,1.68,1.3,2.5,1.38,4.64,2,13.37,3.18,302.64,1.48,27.35,10.4,1.55,1.92,0.98,1.53,0.82,4.31,893.07,2.72,11.9,3.69,2.7,27.3,2.78
1.58,1.52,4.4,1.5,6.36,1.44,0.4,0.47,0.7,1.03,0.21,1.19,192,1.21,1.01,2.5,1.1,2.94,1.28,13.8,3.76,144.13,2.33,18.04,9.7,1.84,1.89,0.85,2.21,7.28,3.95,427.62,1.99,4.74,4.83,3.36,21.97,2.95
1.58,1.52,4.4,1.5,6.36,1.44,0.4,0.47,0.7,1.03,0.21,1.19,192,1.21,1.01,2.5,1.1,2.94,1.28,13.8,4.06,144.13,2.33,18.04,9.7,1.84,1.89,0.85,2.21,7.28,3.95,427.62,1.99,4.74,4.83,3.36,22.31,2.95
1.58,1.52,4.4,1.5,6.36,1.44,0.4,0.47,0.7,1.03,0.21,1.19,192,1.21,1.01,2.5,1.1,3.17,1.38,13.8,4.05,144.13,2.33,18.04,9.7,1.84,1.89,0.85,2.21,7.28,3.95,427.62,1.99,4.74,4.83,3.36,22.31,2.95
1.9,1.7,4.4,1.31,6.36,1.74,0.4,0.47,0.7,1.13,0.21,1.44,192,1.21,1.21,2.5,1.2,3.17,1.48,13.8,4.06,144.13,2.33,18.04,9.72,1.84,1.9,0.85,2.21,7.28,3.95,427.62,1.99,4.74,4.83,3.36,22.31,2.95
1.9,1.7,4.4,1.31,6.36,1.74,0.4,0.47,0.7,1.13,0.21,1.44,192,1.21,1.21,2.5,1.2,3.17,1.48,13.8,4.06,144.13,2.33,18.04,9.72,1.84,1.92,0.85,2.21,7.28,3.95,427.62,1.99,4.74,4.83,3.36,22.31,2.95
1.9,1.7,4.4,1.31,6.36,1.74,0.4,0.47,0.7,1.13,0.21,1.44,192,1.21,1.21,2.5,1.2,3.17,1.48,13.8,4.05,144.13,2.33,18.04,9.72,1.84,1.92,0.85,2.21,7.28,4,427.62,1.99,4.74,4.83,3.36,22.28,2.95
2.05,1.7,4.4,1.31,6.36,1.74,0.4,0.47,0.7,1.13,0.21,1.54,192,1.31,1.21,2.5,1.2,3.67,1.6,13.8,4.06,144.13,2.33,18.04,9.72,1.84,1.92,0.85,2.21,7.28,4,427.62,1.99,4.74,4.83,3.36,22.31,2.95
2.44,1.7,4.7,1.31,6.36,1.74,0.4,0.47,0.7,1.13,0.21,1.54,212,1.31,1.21,2.5,1.25,3.67,1.58,13.8,4.05,144.13,2.33,18.04,9.72,1.84,1.92,0.85,2.21,7.28,4,435.62,1.99,4.74,4.83,3.36,22.31,2.95
2.44,1.7,4.7,1.31,6.36,1.74,0.4,0.47,0.7,1.13,0.21,1.54,212,1.31,1.21,2.5,1.25,3.67,1.6,13.8,4.06,144.13,2.33,18.04,9.76,1.84,1.92,0.85,2.21,7.28,4,435.62,1.99,4.74,4.83,3.36,22.31,2.95
2.44,1.7,4.7,1.31,6.36,1.74,0.4,0.47,0.7,1.13,0.21,1.54,212,1.31,1.21,2.5,1.35,3.67,1.58,13.8,4.06,144.13,2.33,18.04,9.89,1.84,1.92,0.85,2.21,7.28,4,437.62,1.99,4.74,4.83,3.36,22.31,2.95
2.44,1.7,4.7,1.31,6.36,1.74,0.4,0.47,0.7,1.13,0.21,1.54,212,1.31,1.21,2.5,1.35,3.67,1.53,13.8,4.03,144.13,2.33,18.04,9.89,1.84,1.95,0.85,2.21,7.28,4.2,437.62,1.99,4.74,4.83,3.36,22.28,2.95
2.44,1.7,4.7,1.31,6.36,1.74,0.4,0.47,0.7,1.13,0.21,1.54,212,1.31,1.21,2.5,1.35,3.67,1.53,13.8,4.03,144.13,2.33,18.04,9.89,1.84,1.95,0.85,2.21,7.28,4.2,437.62,1.99,4.74,4.83,3.36,22.28,2.95
2.25,1.7,13,1.31,8.17,0.97,0.4,0.47,0.7,1.13,0.12,1.5,249.4,1.31,1.2,2.5,1.18,2.91,1.38,18.47,2.58,302.64,1.34,22.28,10.4,1.55,1.75,0.74,2.38,0.52,3.36,809.45,2.08,8.1,3.54,3.88,25.31,2.44
2.25,1.7,13,1.31,8.17,0.97,0.4,0.47,0.7,1.13,0.12,1.5,259.4,1.31,1.2,2.5,1.18,2.91,1.38,19.7,2.58,302.64,1.32,22.28,10.4,1.55,1.75,0.74,2.38,0.52,3.36,840.99,2.49,8.1,3.54,3.88,25.31,2.44
2.25,1.7,13,1.31,8.17,0.97,0.4,0.47,0.7,1.13,0.12,1.5,259.4,1.31,1.2,2.5,1.18,2.91,1.38,19.7,2.58,302.64,1.32,22.28,10.4,1.55,1.75,0.74,2.38,0.52,3.36,809.45,2.49,8.1,3.54,3.88,25.31,2.44
2.25,1.7,13,1.31,8.17,0.97,0.4,0.47,0.7,1.13,0.12,1.5,259.4,1.31,1.2,2.5,1.18,2.91,1.38,19.7,2.58,302.64,1.34,22.28,10.4,1.55,1.75,0.75,2.38,0.52,3.36,809.45,2.91,8.1,3.54,3.88,25.31,2.27
2.25,1.7,13,1.31,8.48,1.2,0.4,0.47,0.7,1.13,0.12,1.5,259.4,1.31,1.2,2.5,1.18,3.19,1.38,19.7,2.58,302.64,1.34,25.31,10.4,1.55,1.75,0.75,2.28,0.52,3.36,840.99,2.91,8.1,3.54,3.88,25.31,2.27
2.25,1.7,13,1.31,8.48,1.2,0.4,0.47,0.7,1.13,0.12,1.5,259.4,1.31,1.2,2.5,1.18,3.19,1.38,19.7,2.58,302.64,1.45,25.31,10.4,1.55,1.75,0.75,2.38,0.52,3.36,840.99,2.91,8.1,3.54,3.45,25.31,2.27
2.35,1.7,13,1.31,8.48,1.27,0.4,0.47,0.7,1.13,0.12,1.5,259.4,1.31,1.2,2.5,1.28,3.39,1.38,19.9,2.58,302.64,1.45,25.31,10.4,1.55,1.75,0.75,2.38,0.52,3.36,840.99,2.91,8.1,3.57,3.48,25.31,2.27
2.65,1.52,13,1.31,8.48,1.27,0.4,0.47,0.7,1.03,0.12,1.5,259.4,1.51,1.2,2.5,1.28,3.39,1.38,19.9,2.58,302.64,1.45,25.31,10.4,1.55,1.75,0.75,2.38,0.52,3.36,840.99,2.91,8.1,3.57,3.48,25.31,2.27
2.65,1.7,13,1.31,8.48,1.27,0.4,0.47,0.7,1.13,0.12,1.5,259.4,1.51,1.2,2.5,1.28,3.39,1.38,19.9,2.58,305.8,1.45,25.31,10.4,1.55,1.75,0.8,2.38,0.52,3.36,840.99,2.91,8.1,3.57,3.53,25.31,2.27
2.65,1.7,13,1.31,8.48,1.27,0.4,0.47,0.7,1.13,0.12,1.5,259.4,1.51,1.2,2.5,1.28,3.39,1.38,19.9,2.58,302.64,1.45,25.31,10.4,1.55,1.75,0.8,2.38,0.52,3.36,855.99,2.91,8.13,3.57,3.55,25.31,2.44
2.75,1.52,13,1.31,8.48,1.37,0.4,0.4,0.7,1.13,0.12,1.5,259.4,1.51,1.25,2.5,1.38,3.59,1.48,19.9,2.58,302.64,1.45,25.31,10.4,1.55,1.75,0.8,2.38,0.52,3.36,855.99,2.91,8.13,4.07,3.55,25.31,2.44
2.75,1.52,13,1.31,8.48,1.37,0.4,0.4,0.7,1.13,0.12,1.5,259.4,1.51,1.25,2.5,1.38,3.79,1.48,19.9,2.58,302.64,1.45,25.31,10.4,1.55,1.75,0.82,2.38,0.52,3.36,855.99,2.91,8.13,4.07,3.55,25.31,2.44
1.51,1.52,6.1,1.31,8.09,1.44,0.4,0.3,0.7,1.03,0.21,1.5,271.6,1.21,1.13,0.85,1.28,3.43,1.38,20.52,2.65,178.81,1.36,19.22,9.88,1.46,1.75,0.68,2.46,1.03,3.5,496.22,2.22,5.06,3.6,3.28,20.25,2.05
1.51,1.52,6.1,1.31,8.09,1.44,0.4,0.3,0.7,1.03,0.21,1.5,271.6,1.21,1.13,0.97,1.28,3.43,1.38,20.59,2.65,178.81,1.36,19.22,9.88,1.46,1.75,0.68,2.46,1.03,3.5,496.22,2.22,5.06,3.5,3.38,20.25,2.05
1.56,1.52,6.1,1.31,8.39,1.45,0.4,0.18,0.7,1.03,0.21,1.5,271.6,1.21,1.13,0.85,1.28,3.43,1.38,20.59,2.65,178.81,1.36,19.22,9.88,1.46,1.75,0.68,2.46,1.03,3.5,496.22,2.22,5.06,3.5,3.38,20.25,2.05
1.56,1.52,6.8,1.31,8.39,1.45,0.4,0.3,0.7,1.03,0.21,1.5,271.6,1.21,1.13,0.97,1.28,3.43,1.38,21.07,2.65,178.81,1.5,19.22,9.88,1.46,1.76,0.73,2.65,1.03,5.4,496.22,2.28,5.06,3.5,3.83,20.25,2.05
1.56,1.52,6.8,1.31,8.39,1.45,0.4,0.3,0.7,1.03,0.21,1.5,271.6,1.21,1.13,0.97,1.38,3.57,1.38,21.07,2.72,178.81,1.5,19.48,9.88,1.46,1.74,0.73,2.65,1.03,3.5,496.22,2.28,5.06,3.5,3.83,20.25,2.05
1.56,1.52,6.8,1.31,8.39,1.45,0.4,0.18,0.7,1.03,0.21,1.5,271.6,1.21,1.13,0.97,1.38,3.57,1.38,21.07,2.89,178.81,1.5,20.92,11.43,1.46,1.85,0.73,2.65,1.03,3.5,514.58,2.28,5.06,3.5,3.86,20.25,2.05
1.8,1.52,6.8,1.31,8.39,1.45,0.5,0.48,0.7,1.13,0.21,1.5,271.6,1.41,1.3,0.97,1.38,3.57,1.58,21.07,2.95,178.81,1.52,20.92,11.43,1.46,1.84,0.73,2.65,1.03,3.64,514.58,2.28,5.06,3.77,3.86,20.25,2.05
1.8,1.52,6.8,1.31,8.39,1.45,0.5,0.4,0.7,1.13,0.21,1.5,271.6,1.41,1.3,0.97,1.38,3.57,1.58,21.07,2.95,178.81,1.5,20.92,11.43,1.46,1.85,0.83,2.65,1.03,3.65,514.58,2.28,5.06,3.82,3.83,20.25,2.05
1.8,1.52,6.8,1.31,8.39,1.45,0.5,0.4,0.7,1.13,0.21,1.5,271.6,1.41,1.3,0.97,1.38,3.57,1.58,20.52,2.95,178.81,1.36,20.92,11.43,1.46,1.85,0.88,2.46,1.03,3.86,514.58,2.22,5.06,3.82,3.28,20.25,2.05
1.8,1.52,6.8,1.31,8.39,1.45,0.5,0.4,0.7,1.13,0.21,1.5,271.6,1.41,1.3,0.97,1.38,3.57,1.58,20.52,2.95,178.81,1.36,21.17,11.43,1.64,1.87,0.88,2.46,1.29,4.86,519.31,2.22,5.06,3.82,3.28,20.25,2.05
1.8,1.52,6.8,1.31,8.39,1.45,0.5,0.4,0.7,1.13,0.21,1.5,271.6,1.41,1.3,0.97,1.38,3.57,1.58,20.59,2.98,178.81,1.36,21.17,11.43,1.64,1.85,0.88,2.46,1.29,3.86,519.31,2.22,5.06,3.85,3.38,20.25,2.05
1.9,1.52,6.8,1.31,8.49,1.55,0.5,0.4,0.7,1.13,0.21,1.5,271.6,1.51,1.42,0.97,1.38,3.77,1.58,21.07,3.19,178.81,1.5,21.17,11.43,1.72,1.85,0.88,2.65,1.55,3.86,519.31,2.28,5.06,3.85,3.83,20.25,2.05
2.25,1.52,13,1.5,4.83,2,0.08,0.3,0.7,1.03,0.21,1.5,200,1.21,1.13,0.97,1.23,3.5,1.38,15.48,2.67,272.69,1.36,46.47,4.13,1.55,1.52,0.61,2.05,0.52,3.91,561.36,2.67,5.47,3.7,3.6,18.07,2.6
2.25,1.52,13,1.5,4.83,2,0.08,0.3,0.7,1.03,0.21,1.5,200,1.21,1.13,0.97,1.23,3.5,1.38,15.48,2.67,272.69,1.36,46.47,4.13,1.55,1.52,0.61,2.05,0.52,3.91,561.36,2.67,5.47,3.7,3.6,18.07,2.6
2.5,1.52,13,1.5,4.83,2,0.08,0.3,0.7,1.03,0.21,1.5,200,1.21,1.13,0.97,1.23,3.5,1.38,15.48,2.67,272.69,1.36,46.47,4.13,1.55,1.52,0.61,2.05,0.52,3.91,561.36,2.67,5.47,3.7,3.6,18.07,2.6
2.5,1.52,13,1.5,5.16,2,0.08,0.3,0.7,1.03,0.21,1.5,200,1.21,1.13,0.97,1.23,3.9,1.38,15.58,2.67,272.69,1.36,46.47,4.13,1.55,1.52,0.61,2.05,0.52,3.91,561.36,2.67,5.47,3.7,3.6,18.07,2.6
2.5,1.52,13,1.5,5.16,2,0.08,0.3,0.7,1.03,0.21,1.5,200,1.21,1.13,0.97,1.23,3.9,1.38,15.48,2.67,272.69,1.36,46.47,4.13,1.55,1.52,0.61,2.05,0.52,3.91,561.36,2.67,5.47,3.7,3.6,18.73,2.6
2.5,1.52,13,1.5,5.16,2,0.08,0.3,0.7,1.03,0.21,1.5,210,1.21,1.13,0.97,1.23,3.9,1.38,15.48,2.67,272.69,1.36,46.47,4.33,1.55,1.52,0.61,2.05,0.52,3.91,561.36,2.67,5.47,3.7,3.6,18.07,2.6
2.5,1.52,13,1.5,5.16,2,0.08,0.3,0.7,1.03,0.21,1.5,210,1.21,1.13,0.97,1.23,3.9,1.38,16.28,2.67,272.69,1.36,46.47,4.33,1.55,1.52,0.61,2.05,0.52,3.94,561.36,2.67,5.61,3.7,3.6,20.43,2.6
2.5,1.52,13,1.5,5.56,2,0.08,0.3,0.7,1.03,0.21,1.5,210,1.21,1.13,0.97,1.32,4.2,1.38,16.28,2.83,272.69,1.36,48.47,4.33,1.55,1.52,0.51,2.05,0.52,3.94,561.36,2.67,5.61,3.7,3.6,20.43,2.6
2.5,1.52,13,1.5,5.56,2,0.08,0.3,0.7,1.03,0.21,1.5,210,1.21,1.13,0.97,1.32,4.2,1.38,16.28,2.83,272.69,1.36,48.47,4.33,1.55,1.52,0.55,2.07,0.52,3.93,561.36,2.67,5.55,3.7,3.6,20.43,2.6
2.5,1.52,13,1.5,5.56,2,0.08,0.3,0.7,1.03,0.21,1.5,210,1.21,1.13,0.97,1.32,4.2,1.38,16.28,2.83,272.69,1.38,48.47,4.33,1.55,1.52,0.55,2.07,0.52,3.93,579.06,2.67,5.55,3.7,3.6,20.43,2.6
2.5,1.52,13,1.5,5.56,2,0.08,0.3,0.7,1.03,0.21,1.5,210,1.21,1.13,0.97,1.32,4.2,1.38,16.37,2.86,287.73,1.39,51.21,4.45,1.62,1.58,0.65,2.08,0.52,3.93,571.25,2.67,5.59,3.75,3.6,20.43,2.67
2.5,1.52,13,1.5,5.56,2,0.08,0.3,0.7,1.03,0.21,1.5,210,1.21,1.13,0.97,1.32,4.2,1.38,16.37,2.86,287.73,1.39,51.21,4.45,1.62,1.58,0.65,2.08,0.52,3.93,571.25,2.67,5.59,3.75,3.6,20.43,2.67
2.65,1.52,13.46,1.5,4.27,2.86,0.08,0.3,0.7,1.03,0.21,1.26,169.88,1.21,1.13,0.97,1.03,3.43,1.38,17.4,2.6,147.8,1.3,19.5,5.1,1.6,1.6,0.7,2.6,2.6,3.6,556.1,2.4,3.4,4.83,3.4,9.3,2.2
2.65,1.52,13.46,1.31,4.27,2.86,0.08,0.3,0.7,1.03,0.21,1.26,169.88,1.31,1.13,0.97,1.18,3.57,1.21,17.4,2.6,147.8,1.3,19.5,5.1,1.6,1.6,0.7,2.6,2.6,3.6,556.1,2.4,3.4,4.83,3.4,9.3,2.2
2.65,1.52,13.46,1.5,4.27,3.01,0.08,0.3,0.7,1.03,0.21,1.26,169.88,1.21,1.13,0.97,1.18,3.57,1.38,17.4,2.6,147.8,1.3,19.5,5.1,1.6,1.6,0.7,2.6,2.6,3.6,556.1,2.4,3.4,4.83,3.4,9.3,2.2
2.65,1.52,13.46,1.5,4.27,3.01,0.08,0.3,0.7,1.03,0.21,1.26,169.88,1.21,1.13,0.97,1.18,3.57,1.38,17.4,2.6,147.8,1.3,19.5,5.1,1.6,1.6,0.7,2.6,2.6,3.6,556.1,2.4,3.4,3.85,3.4,9.3,2.2
2.25,1.52,13.46,1.31,4.75,3.01,0.08,0.3,0.7,1.03,0.21,1.46,199.88,1.28,1.3,0.97,1.28,3.57,1.38,17.9,2.6,147.8,1.3,19.5,5.1,1.6,1.6,0.7,2.6,2.6,3.6,556.1,2.4,3.4,4.83,3.4,11.3,2.2
2.65,1.52,13.46,1.31,4.75,3.01,0.08,0.18,0.7,1.03,0.21,1.46,199.88,1.28,1.3,0.97,1.28,3.57,1.38,17.9,2.8,147.8,1.3,20.3,5.1,1.6,1.6,0.8,2.6,2.6,3.6,556.1,2.6,3.4,4.83,3.4,11.5,2.2
2.65,1.52,13.46,1.31,4.75,3.01,0.08,0.3,0.7,1.03,0.21,1.46,169.88,1.47,1.3,0.97,1.28,3.77,1.38,17.9,2.8,147.8,1.3,20.3,5.1,1.6,1.6,0.8,2.6,2.6,3.6,556.1,2.6,3.4,4.83,3.4,11.5,2.2
2.35,1.52,13.46,1.31,4.75,3.01,0.08,0.3,0.7,1.03,0.21,1.46,199.88,1.47,1.3,0.97,1.28,3.77,1.38,18.2,2.8,147.8,1.3,21.3,5.1,1.6,1.6,0.8,2.6,2.6,3.6,556.1,2.6,3.4,4.83,3.4,11.9,2.2
2.65,1.52,13.46,1.5,4.75,3.01,0.08,0.3,0.7,1.03,0.21,1.46,210,1.47,1.42,0.97,1.38,3.77,1.6,18.2,2.8,147.8,1.3,20.3,5.1,1.6,1.6,0.8,2.6,2.6,3.6,556.1,2.6,3.4,4.83,3.4,11.5,2.2
2.65,1.52,13.46,1.5,4.75,3.01,0.08,0.18,0.7,1.03,0.21,1.46,199.88,1.47,1.42,0.97,1.38,3.77,1.6,17.9,2.8,147.8,1.3,20.3,5.1,1.6,1.6,0.8,2.6,2.6,3.7,556.1,2.6,3.4,4.83,3.4,11.5,2.2
2.35,1.52,13.46,1.5,4.75,3.11,0.08,0.18,0.7,1.03,0.21,1.46,210,1.47,1.42,0.97,1.38,3.77,1.6,18.5,2.8,147.9,1.3,21.4,5.1,1.6,1.6,0.8,2.6,2.6,4.7,556.1,2.6,3.4,4.83,3.4,12.5,2.2
2.65,1.52,13.46,1.5,4.75,3.11,0.08,0.18,0.7,1.03,0.21,1.46,199.88,1.47,1.42,0.97,1.38,3.77,1.6,18.5,2.8,147.9,1.3,21.4,5.1,1.6,1.6,0.8,2.6,2.6,4.7,556.1,2.6,3.4,4.83,3.4,12.5,2.2
2.03,1.7,11.68,1.7,4.12,1.5,0.08,0.48,0.3,1.13,0.31,1.2,169.88,1.21,1.13,0.97,1.08,4.01,1.28,17.8,4.05,147.8,1.3,24.3,10.4,3.1,1.86,1.5,2.5,0.7,3.24,533.5,2.7,11.9,3.34,3.1,28.89,1.7
1.58,1.7,11.68,1.7,4.12,1.5,0.08,0.48,0.27,1.13,0.31,1.2,169.88,1.21,1.13,0.97,1.08,4.01,1.28,17.8,4.05,147.8,1.3,24.3,10.4,3.1,1.86,1.5,2.5,0.7,3.24,533.5,2.7,11.9,3.42,3.1,28.89,1.7
1.8,1.7,11.68,1.7,4.28,1.5,0.08,0.48,0.5,1.13,0.31,1.2,169.88,1.21,1.3,0.97,1.08,4.14,1.28,17.8,4.05,147.8,1.3,24.3,10.4,3.1,1.86,1.5,2.5,0.7,3.24,533.5,2.7,11.9,3.17,3.1,28.89,1.7
1.8,1.7,11.68,1.7,4.28,1.5,0.08,0.48,0.5,1.13,0.31,1.2,169.88,1.21,1.3,0.97,1.08,4.14,1.28,17.8,4.05,147.8,1.3,24.3,10.4,3.1,1.86,1.5,2.5,0.7,3.24,533.5,2.7,11.9,3.15,3.1,28.89,1.7
2.03,1.7,11.68,1.5,4.28,1.5,0.08,0.48,0.3,1.13,0.31,1.43,169.88,1.21,1.3,0.97,1.18,4.14,1.28,17.8,4.05,147.8,1.3,24.3,10.4,3.1,1.86,1.5,2.5,0.8,3.24,533.5,2.7,12,3.27,3.1,28.89,1.7
1.58,1.52,11.68,1.7,4.28,1.5,0.08,0.48,0.3,1.03,0.31,1.43,210,1.21,1.3,0.97,1.18,4.46,1.49,17.8,4.05,147.8,1.3,24.3,10.4,3.1,1.86,1.5,2.5,0.8,3.24,533.5,2.7,12,3.27,3.1,28.89,1.7
1.7,1.52,11.68,1.7,4.28,1.5,0.08,0.48,0.3,1.03,0.31,1.43,210,1.21,1.3,0.97,1.18,4.46,1.49,17.8,4.06,147.8,1.3,24.3,10.4,3.1,1.07,1.5,2.5,0.8,3.24,533.5,2.7,12,3.27,3.1,28.89,1.7
2,1.7,11.68,1.7,4.54,1.5,0.08,0.48,0.3,1.13,0.31,1.53,192,1.28,1.3,0.97,1.18,4.46,1.49,17.8,4.1,147.8,1.3,24.3,10.4,3.1,1.4,1.5,2.5,0.8,3.2,533.5,2.7,12,3.27,3.1,28.9,1.7
1.8,1.7,11.68,1.5,4.54,1.5,0.08,0.48,0.3,1.13,0.31,1.53,199.88,1.28,1.3,0.97,1.18,4.46,1.49,17.8,4.1,147.8,1.3,24.3,10.4,3.1,1.1,1.5,2.5,0.8,3.2,533.5,2.7,12,3.42,3.1,28.9,1.8
1.8,1.7,11.68,1.5,4.73,1.5,0.08,0.48,0.3,1.13,0.31,1.53,192,1.28,1.3,0.97,1.28,4.46,1.49,17.8,4.06,147.8,1.3,24.3,10.4,3.1,1.4,1.5,2.5,0.8,3.2,533.5,2.7,12,3.27,3.1,28.9,1.7
2.03,1.7,11.68,1.5,4.73,1.5,0.08,0.48,0.3,1.13,0.31,1.53,192,1.28,1.3,0.97,1.28,4.46,1.49,17.9,4.2,147.9,1.3,24.3,10.4,3.2,2.4,1.5,2.5,0.8,3.2,543.9,2.7,12.1,3.34,3.1,30.9,1.8
1.8,1.52,11.68,1.7,4.73,1.5,0.08,0.48,0.3,1.13,0.21,1.53,259.4,1.28,1.3,2.5,1.28,4.46,1.49,17.9,4.2,147.9,1.3,24.3,10.4,3.2,2.4,1.5,2.5,0.8,3.2,543.9,2.7,12.1,3.34,3.1,30.9,1.8
1.56,1.52,5.86,1.5,4.68,1.44,0.08,0.48,0.3,1.13,0.21,1.5,169.88,1.31,1.13,1.01,1.25,3.68,1.38,17.4,2.3,215,1.3,36.3,10.4,0.9,1.7,0.8,2.5,0.9,4.3,522.2,2.2,2.4,4.83,3.3,24.3,1.7
1.51,1.52,5.86,1.5,4.68,1.44,0.08,0.18,0.3,1.03,0.31,1.5,169.88,1.31,1.13,0.97,1.25,3.68,1.38,17.8,2.3,215,1.3,36.3,10.4,0.9,1.7,0.8,2.5,0.9,4.3,522.2,2.2,2.4,4.83,3.5,24.3,1.7
1.51,1.52,5.86,1.5,4.68,1.44,0.08,0.3,0.3,1.03,0.31,1.5,169.88,1.31,1.13,1.01,1.25,3.68,1.38,17.4,2.3,215,1.3,36.3,10.4,0.9,1.7,0.8,2.5,0.9,4.3,522.2,2.2,2.4,4.83,3.5,24.3,1.7
1.56,1.7,5.86,1.5,4.68,1.44,0.08,0.3,0.3,1.13,0.31,1.5,169.88,1.31,1.3,0.97,1.25,3.68,1.38,17.4,2.3,215,1.3,36.3,10.4,0.9,1.7,0.8,2.5,0.9,4.3,522.2,2.2,2.4,4.83,3.5,24.3,1.7
1.51,1.52,5.86,1.5,4.68,1.44,0.08,0.4,0.3,1.13,0.21,1.5,169.88,1.31,1.3,0.97,1.25,3.68,1.38,19.3,2.3,225,1.3,36.3,11.43,0.9,1.7,0.8,2.5,0.9,4.3,535.2,2.2,2.4,4.83,3.5,24.3,1.7
1.56,1.52,5.86,1.5,4.68,1.44,0.08,0.18,0.3,1.03,0.31,1.5,169.88,1.51,1.3,0.85,1.35,3.68,1.38,19.3,2.3,225,1.3,36.3,11.43,0.9,1.7,0.8,2.5,0.9,4.3,535.2,2.2,2.4,4.83,3.5,25.3,1.7
1.56,1.52,6.16,1.5,4.88,1.64,0.08,0.18,0.27,1.03,0.31,1.5,199.88,1.51,1.3,0.97,1.35,3.68,1.38,19.3,2.3,225,1.3,36.1,11.43,1.1,1.7,0.8,2.5,0.9,4.3,555.2,2.2,2.4,4.83,3.5,25.3,1.7
1.51,1.52,6.16,1.5,4.88,1.64,0.08,0.3,0.3,1.13,0.21,1.53,199.88,1.51,1.3,0.97,1.35,3.68,1.38,19.3,2.3,225,1.3,36.3,11.43,1.1,1.7,0.8,2.5,0.9,4.3,555.2,2.2,2.4,4.83,3.5,24.3,1.7
1.56,1.52,6.16,1.5,4.88,1.64,0.08,0.18,0.27,1.03,0.31,1.5,199.88,1.51,1.3,0.97,1.35,3.68,1.38,19.3,2.3,225,1.3,36.3,11.43,1.1,1.7,0.8,2.5,0.9,4.3,555.2,2.2,2.4,4.83,3.5,24.3,1.7
1.51,1.52,6.16,1.5,5.12,1.64,0.08,0.18,0.27,1.03,0.31,1.5,199.88,1.51,1.3,1.01,1.46,4.02,1.49,19.1,2.4,229,1.3,36.1,11.43,1.6,1.8,0.9,2.5,1,4.8,592.2,2.4,2.5,4.07,3.5,28.3,1.7
1.51,1.52,6.16,1.5,5.24,1.64,0.08,0.18,0.27,1.03,0.31,1.5,199.88,1.51,1.3,1.01,1.46,4.02,1.49,19.1,2.4,229,1.3,36.1,11.43,1.6,1.8,0.9,2.5,1,4.8,592.2,2.4,2.5,4.07,3.5,28.3,1.7
1.56,1.52,6.16,1.5,5.24,1.64,0.08,0.3,0.27,1.13,0.21,1.5,199.88,1.51,1.3,1.01,1.46,4.02,1.38,19.1,2.4,229,1.3,36.1,11.43,1.6,1.8,0.9,2.5,1,4.8,592.2,2.4,2.5,4.07,3.5,28.3,1.7
1.51,1.52,5.86,1.5,4.68,1.44,0.08,0.48,0.27,1.13,0.21,1.43,169.88,1.31,1.13,0.85,1.25,3.68,1.28,15.4,2.4,302.64,1.1,19.2,9.52,1.8,1.5,0.9,1.8,0.52,3.5,751.6,1.99,5.4,3.42,3.2,25.3,2.7
1.56,1.52,5.86,1.5,4.68,1.44,0.08,0.18,0.3,1.03,0.31,1.43,169.88,1.31,1.13,0.85,1.25,3.68,1.28,15.4,2.4,302.64,1.1,19.2,9.51,1.8,1.5,0.9,1.8,0.52,3.5,751.6,1.99,5.4,3.34,3.2,25.3,2.7
1.56,1.52,5.86,1.5,4.68,1.44,0.08,0.18,0.3,1.03,0.31,1.5,169.88,1.31,1.13,0.85,1.25,3.68,1.38,15.4,2.4,302.64,1.1,19.2,9.62,1.8,1.5,0.9,1.8,0.72,3.5,751.6,1.99,5.4,3.42,3.2,25.3,2.7
1.51,1.52,5.86,1.5,4.68,1.44,0.08,0.4,0.3,1.13,0.21,1.54,169.88,1.31,1.3,0.85,1.25,3.68,1.38,15.4,2.4,302.64,1.1,19.2,9.7,1.8,1.5,0.9,1.8,0.52,3.5,751.6,1.99,5.4,3.34,3.2,25.3,2.7
1.56,1.52,5.86,1.5,4.68,1.44,0.08,0.18,0.27,1.03,0.31,1.54,169.88,1.31,1.3,0.85,1.25,3.68,1.38,15.4,2.4,305.8,1.1,19.2,9.52,1.8,1.5,0.9,1.8,0.52,3.5,751.6,1.99,5.4,3.42,3.2,25.3,2.7
1.56,1.52,5.86,1.5,4.68,1.44,0.08,0.18,0.3,1.03,0.31,1.5,169.88,1.51,1.3,0.97,1.35,3.68,1.38,15.4,2.4,302.64,1.1,19.2,9.52,1.8,1.5,0.9,1.8,0.52,3.5,751.6,1.99,5.4,3.27,3.2,25.3,2.7
1.51,1.52,6.16,1.5,4.88,1.64,0.08,0.18,0.27,1.03,0.31,1.5,199.88,1.51,1.3,0.85,1.35,3.68,1.38,15.4,2.4,302.64,1.1,19.2,9.52,1.8,1.5,0.9,1.8,0.52,3.5,751.6,1.99,5.4,3.27,3.2,25.3,2.7
1.56,1.52,6.16,1.5,4.88,1.64,0.08,0.18,0.27,1.03,0.31,1.5,199.88,1.51,1.3,0.97,1.35,3.68,1.49,16,2.4,302.64,1.1,19.4,5.1,2,1.6,1,1.9,0.52,3.6,751.6,1.99,6,3.34,3.2,25.3,3.2
1.56,1.52,6.16,1.5,4.88,1.64,0.08,0.18,0.27,1.03,0.31,1.5,199.88,1.51,1.3,0.97,1.35,3.68,1.38,16,2.4,302.64,1.1,19.4,4.33,2,1.6,1,1.9,0.9,3.6,751.6,1.99,6,3.15,3.2,25.3,3.2
1.51,1.52,6.16,1.5,5.12,1.64,0.08,0.18,0.27,1.03,0.31,1.5,199.88,1.51,1.3,0.85,1.46,4.02,1.38,16,2.4,302.64,1.1,19.4,4.33,2.1,1.6,1,1.9,0.9,3.6,751.6,1.99,6,3.34,3.2,25.3,3.2
1.56,1.52,6.16,1.5,5.24,1.64,0.08,0.18,0.27,1.03,0.31,1.5,199.88,1.51,1.3,1.01,1.46,4.02,1.38,16,2.4,302.64,1.1,19.4,4.45,2.1,1.6,1,1.9,0.8,3.6,751.6,1.99,6,3.17,3.2,25.3,3.2
1.56,1.52,6.16,1.5,5.24,1.64,0.08,0.18,0.27,1.03,0.31,1.5,199.88,1.51,1.3,0.85,1.46,4.02,1.38,16,2.4,302.64,1.1,19.4,4.13,2.1,1.6,1,1.9,0.72,3.6,751.6,1.99,6,3.42,3.2,25.3,3.2
